{
    "name": "ProdPipeline",
    "properties": {
        "activities": [
            {
                "name": "ExecutingJoinDataflow",
                "type": "ExecuteDataFlow",
                "dependsOn": [],
                "policy": {
                    "timeout": "0.12:00:00",
                    "retry": 2,
                    "retryIntervalInSeconds": 30,
                    "secureOutput": false,
                    "secureInput": false
                },
                "userProperties": [],
                "typeProperties": {
                    "dataflow": {
                        "referenceName": "ToPerformJoinDF",
                        "type": "DataFlowReference"
                    },
                    "compute": {
                        "coreCount": 32,
                        "computeType": "MemoryOptimized"
                    },
                    "traceLevel": "Fine"
                }
            }
        ],
        "annotations": [],
        "lastPublishTime": "2022-11-19T06:10:29Z"
    },
    "type": "Microsoft.DataFactory/factories/pipelines"
}