{
    "name": "FinalOutput",
    "properties": {
        "linkedServiceName": {
            "referenceName": "AzureBlobStorageLS",
            "type": "LinkedServiceReference"
        },
        "annotations": [],
        "type": "Parquet",
        "typeProperties": {
            "location": {
                "type": "AzureBlobStorageLocation",
                "fileName": "FinalOutput",
                "container": "prod"
            },
            "compressionCodec": "snappy"
        },
        "schema": []
    },
    "type": "Microsoft.DataFactory/factories/datasets"
}