{
    "now": "2022-11-19T06:33:09.029Z",
    "perfNow": 1123845,
    "diagnosticCorrelation": "f9fa65b3-43e3-4749-80a3-0de69a9268ee",
    "source": "DownloadSupportFiles",
    "environment": {
        "productName": "adf",
        "buildVersion": "1.0.111622.9",
        "environmentType": 3,
        "resourceName": "DataFactoryProd2022",
        "resourceRegion": "eastus",
        "resourceGroup": "NetworkWatcherRG",
        "subscriptionId": "d77ed807-b993-4a82-b5b1-5a649c94aab4",
        "sessionId": "6d58J",
        "operationId": "BUpnf",
        "gitType": "live"
    },
    "additionalInfo": {
        "selectedResource": "ProdPipeline",
        "selectedResourceType": "pipeline",
        "dataFlowSessionId": "177c2ccd-1ac3-45a6-8236-ce2e4ae77d2f"
    }
}