{
    "name": "ToPerformJoinDF",
    "properties": {
        "type": "MappingDataFlow",
        "typeProperties": {
            "sources": [
                {
                    "dataset": {
                        "referenceName": "StudentsDS",
                        "type": "DatasetReference"
                    },
                    "name": "StudentT"
                },
                {
                    "dataset": {
                        "referenceName": "TeacherDS",
                        "type": "DatasetReference"
                    },
                    "name": "TeacherT"
                }
            ],
            "sinks": [
                {
                    "dataset": {
                        "referenceName": "FinalOutput",
                        "type": "DatasetReference"
                    },
                    "name": "sink"
                }
            ],
            "transformations": [
                {
                    "name": "join"
                }
            ],
            "scriptLines": [
                "source(output(",
                "          Course as string,",
                "          DemoConducted as string,",
                "          EngagementNo as string,",
                "          Enrolled as string,",
                "          EnrollmentNumber as string,",
                "          Grade as string,",
                "          MailId as string,",
                "          StudentName as string,",
                "          TeacherMapped as string",
                "     ),",
                "     allowSchemaDrift: true,",
                "     validateSchema: false,",
                "     ignoreNoFilesFound: false) ~> StudentT",
                "source(output(",
                "          CommunicationLevel as string,",
                "          FirstName as string,",
                "          LastName as string,",
                "          SessionHygine as string,",
                "          TeacherId as string",
                "     ),",
                "     allowSchemaDrift: true,",
                "     validateSchema: false,",
                "     ignoreNoFilesFound: false) ~> TeacherT",
                "StudentT, TeacherT join(TeacherMapped == TeacherId,",
                "     joinType:'inner',",
                "     matchType:'exact',",
                "     ignoreSpaces: false,",
                "     broadcast: 'auto')~> join",
                "join sink(allowSchemaDrift: true,",
                "     validateSchema: false,",
                "     format: 'parquet',",
                "     partitionFileNames:['FinalOutput'],",
                "     skipDuplicateMapInputs: true,",
                "     skipDuplicateMapOutputs: true,",
                "     partitionBy('hash', 1)) ~> sink"
            ]
        }
    }
}